{
    "036.mid": 90.00009000009,
    "878.mid": 90.00009000009,
    "067.mid": 90.00009000009,
    "870.mid": 90.00009000009,
    "629.mid": 90.00009000009,
    "179.mid": 90.00009000009,
    "834.mid": 90.00009000009,
    "061.mid": 90.00009000009,
    "439.mid": 90.00009000009,
    "058.mid": 90.00009000009,
    "148.mid": 90.00009000009,
    "467.mid": 90.00009000009,
    "737.mid": 90.00009000009,
    "648.mid": 90.00009000009,
    "018.mid": 90.00009000009,
    "278.mid": 90.00009000009,
    "660.mid": 90.00009000009,
    "784.mid": 90.00009000009,
    "303.mid": 90.00009000009,
    "583.mid": 90.00009000009,
    "567.mid": 90.00009000009,
    "205.mid": 90.00009000009,
    "828.mid": 90.00009000009,
    "804.mid": 90.00009000009,
    "177.mid": 90.00009000009,
    "683.mid": 90.00009000009,
    "378.mid": 90.00009000009,
    "517.mid": 90.00009000009,
    "877.mid": 90.00009000009,
    "163.mid": 90.00009000009,
    "548.mid": 90.00009000009,
    "656.mid": 90.00009000009,
    "541.mid": 90.00009000009,
    "343.mid": 90.00009000009,
    "545.mid": 90.00009000009,
    "618.mid": 90.00009000009,
    "284.mid": 90.00009000009,
    "150.mid": 90.00009000009,
    "492.mid": 90.00009000009,
    "718.mid": 90.00009000009,
    "649.mid": 90.00009000009,
    "842.mid": 90.00009000009,
    "436.mid": 90.00009000009,
    "214.mid": 90.00009000009,
    "106.mid": 90.00009000009,
    "610.mid": 90.00009000009,
    "821.mid": 90.00009000009,
    "884.mid": 90.00009000009,
    "596.mid": 90.00009000009,
    "372.mid": 90.00009000009,
    "290.mid": 90.00009000009,
    "692.mid": 90.00009000009,
    "521.mid": 90.00009000009,
    "600.mid": 90.00009000009,
    "322.mid": 90.00009000009,
    "726.mid": 90.00009000009,
    "573.mid": 90.00009000009,
    "190.mid": 90.00009000009,
    "465.mid": 90.00009000009,
    "591.mid": 90.00009000009,
    "431.mid": 90.00009000009,
    "011.mid": 90.00009000009,
    "077.mid": 90.00009000009,
    "635.mid": 90.00009000009,
    "766.mid": 90.00009000009,
    "125.mid": 90.00009000009,
    "052.mid": 90.00009000009,
    "664.mid": 90.00009000009,
    "027.mid": 90.00009000009,
    "091.mid": 90.00009000009,
    "839.mid": 90.00009000009,
    "449.mid": 90.00009000009,
    "395.mid": 90.00009000009,
    "687.mid": 90.00009000009,
    "048.mid": 90.00009000009,
    "875.mid": 90.00009000009,
    "161.mid": 90.00009000009,
    "313.mid": 90.00009000009,
    "114.mid": 90.00009000009,
    "559.mid": 90.00009000009,
    "748.mid": 90.00009000009,
    "551.mid": 90.00009000009,
    "666.mid": 90.00009000009,
    "444.mid": 90.00009000009,
    "220.mid": 90.00009000009,
    "445.mid": 90.00009000009
}