{"041.mid": 84.51001795837881, "686.mid": 100.0, "622.mid": 73.17001785348435, "679.mid": 103.4500594837842, "153.mid": 92.30996455297361, "835.mid": 63.82999094677962, "867.mid": 68.97003596787376, "040.mid": 130.42996237095585, "815.mid": 72.29002759069387, "236.mid": 85.710000214275, "438.mid": 109.0899173643876, "005.mid": 65.22001428318313, "832.mid": 111.11008231405265, "088.mid": 69.77003795490064, "795.mid": 73.17001785348435, "276.mid": 69.77003795490064, "026.mid": 77.91995283245522, "191.mid": 65.93000870276114, "079.mid": 122.44997918350354, "848.mid": 127.66011770262853, "135.mid": 63.160022232327826, "403.mid": 113.20989680917906, "481.mid": 136.35991745679664, "841.mid": 109.0899173643876, "130.mid": 139.53001639477694, "269.mid": 73.17001785348435, "323.mid": 120.0, "300.mid": 69.77003795490064, "127.mid": 81.07998540560263, "893.mid": 88.23996564524005, "072.mid": 83.32997698703802, "637.mid": 115.37995580947693, "796.mid": 72.29002759069387, "166.mid": 88.23996564524005, "314.mid": 130.42996237095585, "460.mid": 73.17001785348435, "245.mid": 86.96005055277605, "811.mid": 83.32997698703802, "001.mid": 89.54996664263743, "548.mid": 95.24006050918511, "210.mid": 117.65005774657001, "066.mid": 107.13998732176816, "710.mid": 89.54996664263743, "502.mid": 115.37995580947693, "520.mid": 142.85986399740946, "864.mid": 69.77003795490064, "172.mid": 64.52001410837642, "677.mid": 66.670000166675, "141.mid": 77.91995283245522, "400.mid": 63.82999094677962, "552.mid": 98.36001075402784, "436.mid": 115.37995580947693, "667.mid": 103.4500594837842, "180.mid": 162.15997081120526, "258.mid": 105.26001856084994, "528.mid": 74.06995907634762, "894.mid": 72.29002759069387, "760.mid": 146.3400357069687, "189.mid": 69.77003795490064, "372.mid": 127.66011770262853, "663.mid": 92.30996455297361, "392.mid": 77.91995283245522, "659.mid": 60.0, "051.mid": 133.3300741537429, "081.mid": 80.0, "138.mid": 130.42996237095585, "472.mid": 65.22001428318313, "190.mid": 72.29002759069387, "745.mid": 101.68991693628618, "494.mid": 66.670000166675, "631.mid": 77.91995283245522, "530.mid": 117.65005774657001, "606.mid": 68.18003620359923, "077.mid": 105.26001856084994, "218.mid": 136.35991745679664, "453.mid": 69.77003795490064, "272.mid": 72.29002759069387, "240.mid": 61.21999200058771, "170.mid": 88.23996564524005, "780.mid": 67.41997249265123, "069.mid": 122.44997918350354, "650.mid": 122.44997918350354, "708.mid": 77.91995283245522, "701.mid": 67.41997249265123, "491.mid": 89.54996664263743}